row ID,row m/z,row retention time,row ion mobility,row ion mobility unit,row CCS,correlation group ID,annotation network number,best ion,auto MS2 verify,identified by n=,partners,neutral M mass,Blank_1_R-C1_1_5037.mzML Peak area,Blank_2_R-C1_1_5038.mzML Peak area,Sample_10 sw_R-E1_1_5048.mzML Peak area,Sample_1_R-D1_1_5039.mzML Peak area,Sample_2_R-D2_1_5040.mzML Peak area,Sample_3_R-D3_1_5041.mzML Peak area,Sample_4_R-D4_1_5042.mzML Peak area,Sample_5_R-D5_1_5043.mzML Peak area,Sample_6 sw_R-D6_1_5044.mzML Peak area,Sample_7 sw_R-D7_1_5045.mzML Peak area,Sample_8 sw_R-D8_1_5046.mzML Peak area,Sample_9 sw_R-D9_1_5047.mzML Peak area
5,146.0292369,0.40136337,,,,2,,,,,,,928.26465,0,51655.14,53896.605,48963.965,35950.15,51763.434,58296.582,55298.617,43646.176,53679.6,53194.21
7,110.0080919,0.40470904,,,,2,,,,,,,4782.3657,0,224148.78,224799.17,204244.62,153777.55,216549.55,267690.06,231546.5,177505.84,235013.86,231067.6
193,119.9870617,0.45612907,,,,5,,,,,,,0,0,9497.837,10251.336,11513.844,6484.201,17954.98,24453.33,22909.346,12750.356,21966.166,18061.848
202,101.9764794,0.465274,,,,5,,,,,,,0,0,11189.906,13851.584,15823.077,7198.6387,20280.5,27518.691,24397.73,16868.213,24487.37,20418.23
137,136.0003678,0.46991554,,,,5,,,,,,,0,0,7196.7197,8034.685,11653.202,5391.634,13846.908,18483.686,16836.996,9429.874,16853.246,14395.781
